am,avg_mpg,med_mpg,sum_mpg,max_mpg,max_hp,min_hp,n
auto,17.147368421052633,17.3,325.8,24.4,245,62,19
manual,24.392307692307693,22.8,317.1,33.9,335,52,13
